                  epoch,             train/loss,  metrics/accuracy_top1,  metrics/accuracy_top5,               val/loss,                 lr/pg0,                 lr/pg1,                 lr/pg2
                      1,                 0.8235,                0.97893,                      1,                0.82879,             0.00023695,             0.00023695,             0.00023695
                      2,                0.17577,                0.98379,                      1,                0.77459,             0.00038091,             0.00038091,             0.00038091
                      3,                0.09285,                0.95786,                      1,                0.78026,             0.00043062,             0.00043062,             0.00043062
                      4,                 0.0615,                0.96515,                      1,                0.78251,             0.00028988,             0.00028988,             0.00028988
                      5,                0.05471,                0.96596,                      1,                0.77739,             0.00028988,             0.00028988,             0.00028988
